Name,First,Last
Peter J Ganci,Peter,Ganci
William M Feehan,William,Feehan
Ronald Paul Bucca,Ronald,Bucca
Mychal Judge,Mychal,Judge
Gerard A Barbara,Gerard,Barbara
Donald J Burns,Donald,Burns
Matthew Lancelot Ryan,Matthew,Ryan
Paul Thomas Mitchell,Paul,Mitchell
William McGovern,William,McGovern
Richard Prunty,Richard,Prunty
Faustino Apostol,Faustino,Apostol
Thomas O’Hagan,Thomas,O’Hagan
John P. Williamson,John,Williamson
Orio Palmer,Orio,Palmer
Stephen G Harrell,Stephen,Harrell
Philip Scott Petti,Philip,Petti
Thomas Patrick DeAngelis,Thomas,DeAngelis
Thomas McCann,Thomas,McCann
Dennis Lawrence Devlin,Dennis,Devlin
Edward F Geraghty,Edward,Geraghty
Charles William Garbarini,Charles,Garbarini
Carl Asaro,Carl,Asaro
Alan D. Feinberg,Alan,Feinberg
John M Paolillo,John,Paolillo
Frederick Claude Scheffold,Frederick,Scheffold
Charles Joseph Margiotta,Charles,Margiotta
Geoffrey E Guja,Geoffrey,Guja
Anthony Jovic,Anthony,Jovic
Joseph Grzelak,Joseph,Grzelak
Michael Leopoldo Bocchino,Michael,Bocchino
John Moran,John,Moran
Lawrence T Stack,Lawrence,Stack
Dennis Cross,Dennis,Cross
Joseph Ross Marchbanks,Joseph,Marchbanks
Joseph D Farrelly,Joseph,Farrelly
Thomas Moody,Thomas,Moody
Timothy M Stackpole,Timothy,Stackpole
Thomas Theodore Haskell,Thomas,Haskell
Martin J Egan,Martin,Egan
William O’Keefe,William,O’Keefe
Andrew Desperito,Andrew,Desperito
Michael T Weinberg,Michael,Weinberg
Calixto Anaya,Calixto,Anaya
James C Riches,James,Riches
Thomas G Schoales,Thomas,Schoales
Paul A Tegtmeier,Paul,Tegtmeier
Manuel Del Valle,Manuel,Valle
Paul Beyer,Paul,Beyer
Thomas Holohan,Thomas,Holohan
William R Johnston,William,Johnston
Robert Parro,Robert,Parro
Gregg Arthur Atlas,Gregg,Atlas
Jeffrey James Olsen,Jeffrey,Olsen
Paul Pansini,Paul,Pansini
William Francis Burke,William,Burke
Thomas Anthony Casoria,Thomas,Casoria
Michael J Elferis,Michael,Elferis
Vincent D Kane,Vincent,Kane
Martin E McWilliams,Martin,McWilliams
Robert McPadden,Robert,McPadden
James Nicholas Pappageorge,James,Pappageorge
Hector Luis Tirado,Hector,Tirado
Mark P Whitford,Mark,Whitford
Thomas Farino,Thomas,Farino
Dana R Hannon,Dana,Hannon
Robert W Spear,Robert,Spear
Kevin Pfeifer,Kevin,Pfeifer
David Arce,David,Arce
Michael Boyle,Michael,Boyle
Robert Evans,Robert,Evans
Keithroy Marcellus Maynard,Keithroy,Maynard
John Giordano,John,Giordano
John F Ginley,John,Ginley
Kevin Bracken,Kevin,Bracken
Michael D D’Auria,Michael,D’Auria
Bruce Gary,Bruce,Gary
Michael F Lynch,Michael,Lynch
Steven Mercado,Steven,Mercado
Paul John Gill,Paul,Gill
Jose Guadalupe,Jose,Guadalupe
Leonard Ragaglia,Leonard,Ragaglia
Christopher Santora,Christopher,Santora
Peter L Freund,Peter,Freund
Robert Lane,Robert,Lane
Christopher Mozzillo,Christopher,Mozzillo
Stephen P Russell,Stephen,Russell
Robert B Nagel,Robert,Nagel
Ruben D Correa,Ruben,Correa
Paul Richard Martini,Paul,Martini
Gregory Joseph Buck,Gregory,Buck
Christopher Pickford,Christopher,Pickford
John Albert Schardt,John,Schardt
Robert Francis Wallace,Robert,Wallace
Karl Henry Joseph,Karl,Joseph
Shawn Edward Powell,Shawn,Powell
Kevin O Reilly,Kevin,Reilly
Carl John Bedigian,Carl,Bedigian
John Joseph Florio,John,Florio
Michael Edward Roberts,Michael,Roberts
Kenneth Thomas Watson,Kenneth,Watson
Daniel Suhr,Daniel,Suhr
Kenneth Phelan,Kenneth,Phelan
Steven Coakley,Steven,Coakley
Neil Joseph Leavy,Neil,Leavy
John Chipura,John,Chipura
David Paul DeRubbio,David,DeRubbio
Brian McAleese,Brian,McAleese
Stanley S Smagala,Stanley,Smagala
Brian G. Ahearn,Brian,Ahearn
Frank Bonomo,Frank,Bonomo
Michael Scott Carlo,Michael,Carlo
Jeffrey Stark,Jeffrey,Stark
Eugene Whelan,Eugene,Whelan
Edward James White,Edward,White
Steven Bates,Steven,Bates
Nicholas Paul Chiofalo,Nicholas,Chiofalo
Francis Esposito,Francis,Esposito
Lee S Fehling,Lee,Fehling
Lawrence G Veling,Lawrence,Veling
Glenn E Wilkinson,Glenn,Wilkinson
Ronnie Lee Henderson,Ronnie,Henderson
Michael Ragusa,Michael,Ragusa
Anthony Rodriguez,Anthony,Rodriguez
Raymond R York,Raymond,York
John Fanning,John,Fanning
John A Crisci,John,Crisci
Dennis M Carey,Dennis,Carey
Martin N DeMeo,Martin,DeMeo
Thomas Gardner,Thomas,Gardner
Jonathan R Hohmann,Jonathan,Hohmann
Dennis Scauso,Dennis,Scauso
Kevin Joseph Smith,Kevin,Smith
Frederick Ill,Frederick,Ill
Michael J Clarke,Michael,Clarke
George DiPasquale,George,DiPasquale
Denis P Germain,Denis,Germain
Daniel Edward Harlin,Daniel,Harlin
Carl Molinaro,Carl,Molinaro
Dennis Michael Mulligan,Dennis,Mulligan
Patrick J Brown,Patrick,Brown
Kevin W Donnelly,Kevin,Donnelly
Michael Carroll,Michael,Carroll
James Raymond Coyle,James,Coyle
Gerard Dewan,Gerard,Dewan
Jeffrey John Giordano,Jeffrey,Giordano
Joseph Maloney,Joseph,Maloney
John Kevin McAvoy,John,McAvoy
Timothy Patrick McSweeney,Timothy,McSweeney
Joseph J Ogren,Joseph,Ogren
Steven John Olson,Steven,Olson
David Terence Wooley,David,Wooley
Daniel O’Callaghan,Daniel,O’Callaghan
Joseph Angelini,Joseph,Angelini
Peter Brennan,Peter,Brennan
Michael E. Brennan,Michael,Brennan
Michael Haub,Michael,Haub
Michael F Lynch,Michael,Lynch
Samuel Oitice,Samuel,Oitice
John James Tipping,John,Tipping
Vincent Francis Giammona,Vincent,Giammona
Michael Warchola,Michael,Warchola
Louis Arena,Louis,Arena
Andrew Brunn,Andrew,Brunn
Thomas Hannafin,Thomas,Hannafin
Paul Hanlon Keating,Paul,Keating
John A Santore,John,Santore
Gregory Thomas Saucedo,Gregory,Saucedo
Vernon Allan Richard,Vernon,Richard
George Cain,George,Cain
Robert Joseph Foti,Robert,Foti
Charles Mendez,Charles,Mendez
Richard Muldowney,Richard,Muldowney
Vincent Princiotta,Vincent,Princiotta
Vincent Gerard Halloran,Vincent,Halloran
Gerard Baptiste,Gerard,Baptiste
John P Tierney,John,Tierney
Jeffrey P Walz,Jeffrey,Walz
Sean Patrick Tallon,Sean,Tallon
Michael Quilty,Michael,Quilty
Michael F Cammarata,Michael,Cammarata
Edward James Day,Edward,Day
John F Heffernan,John,Heffernan
Richard John Kelly,Richard,Kelly
Robert King,Robert,King
Matthew Rogan,Matthew,Rogan
Angel L Juarbe,Angel,Juarbe
Michael D Mullan,Michael,Mullan
Walter G Hynes,Walter,Hynes
Thomas Hetzel,Thomas,Hetzel
Dennis McHugh,Dennis,McHugh
Thomas E Sabella,Thomas,Sabella
Gregory Stajk,Gregory,Stajk
Joseph Gerard Leavey,Joseph,Leavey
Richard Lanard Allen,Richard,Allen
Arthur Thaddeus Barry,Arthur,Barry
Thomas W Kelly,Thomas,Kelly
Scott Kopytko,Scott,Kopytko
Scott Larsen,Scott,Larsen
Douglas E Oelschlager,Douglas,Oelschlager
Eric T Olsen,Eric,Olsen
Raymond E Murphy,Raymond,Murphy
Robert Curatolo,Robert,Curatolo
John R. Fischer,John,Fischer
John Patrick Burnside,John,Burnside
James Michael Gray,James,Gray
Sean S Hanley,Sean,Hanley
David Laforge,David,Laforge
Robert Thomas Linnane,Robert,Linnane
Robert D McMahon,Robert,McMahon
Gerald T Atwood,Gerald,Atwood
Gerard Duffy,Gerard,Duffy
Keith Glascoe,Keith,Glascoe
Joseph Henry,Joseph,Henry
William E Krukowski,William,Krukowski
Benjamin Suarez,Benjamin,Suarez
Daniel J Brethel,Daniel,Brethel
Stephen Elliot Belson,Stephen,Belson
Glenn C Perry,Glenn,Perry
Matthew Barnes,Matthew,Barnes
John Michael Collins,John,Collins
Kenneth Kumpel,Kenneth,Kumpel
Robert Minara,Robert,Minara
Joseph Rivelli,Joseph,Rivelli
Paul G Ruback,Paul,Ruback
John Marshall,John,Marshall
Frank Callahan,Frank,Callahan
James Andrew Giberson,James,Giberson
Vincent S Morello,Vincent,Morello
Michael Otten,Michael,Otten
Michael Roberts,Michael,Roberts
Joseph Spor,Joseph,Spor
Peter Alexander Bielfeld,Peter,Bielfeld
Joseph Gullickson,Joseph,Gullickson
Patrick Byrne,Patrick,Byrne
Salvatore B Calabro,Salvatore,Calabro
Brian Cannizzaro,Brian,Cannizzaro
Thomas J Kennedy,Thomas,Kennedy
Joseph Maffeo,Joseph,Maffeo
Terence A McShane,Terence,McShane
Vincent Brunton,Vincent,Brunton
Thomas Richard Kelly,Thomas,Kelly
Henry Alfred Miller,Henry,Miller
Dennis O’Berg,Dennis,O’Berg
Frank Anthony Palombo,Frank,Palombo
Christopher P Sullivan,Christopher,Sullivan
Robert M Regan,Robert,Regan
Joseph Agnello,Joseph,Agnello
Vernon Paul Cherry,Vernon,Cherry
Scott Matthew Davidson,Scott,Davidson
Leon Smith,Leon,Smith
Peter Anthony Vega,Peter,Vega
Christian Michael Otto Regenhard,Christian,Regenhard
Andrew Jordan,Andrew,Jordan
Michael Kiefer,Michael,Kiefer
Thomas Mingione,Thomas,Mingione
John T Vigiano,John,Vigiano
Sergio Villanueva,Sergio,Villanueva
Michael Joseph Cawley,Michael,Cawley
Terence S. Hatton,Terence,Hatton
Dennis Mojica,Dennis,Mojica
Joseph Angelini,Joseph,Angelini
Gary Geidel,Gary,Geidel
William Henry,William,Henry
Kenneth Joseph Marino,Kenneth,Marino
Michael Montesi,Michael,Montesi
Gerard Terence Nevins,Gerard,Nevins
Patrick J O’Keefe,Patrick,O’Keefe
Brian Edward Sweeney,Brian,Sweeney
David M Weiss,David,Weiss
Peter C Martin,Peter,Martin
William David Lake,William,Lake
Daniel F Libretti,Daniel,Libretti
John Napolitano,John,Napolitano
Kevin O’Rourke,Kevin,O’Rourke
Lincoln Quappe,Lincoln,Quappe
Edward Rall,Edward,Rall
Christopher Joseph Blackwell,Christopher,Blackwell
Thomas Foley,Thomas,Foley
Thomas Gambino,Thomas,Gambino
Raymond Meisenheimer,Raymond,Meisenheimer
Donald J Regan,Donald,Regan
Gerard Patrick Schrang,Gerard,Schrang
Brian Hickey,Brian,Hickey
Kevin Dowdell,Kevin,Dowdell
Terrence Patrick Farrell,Terrence,Farrell
William J Mahoney,William,Mahoney
Peter Allen Nelson,Peter,Nelson
Durrell V Pearsall,Durrell,Pearsall
Louis Joseph Modafferi,Louis,Modafferi
Harvey Harrell,Harvey,Harrell
Joseph A Mascali,Joseph,Mascali
John P Bergin,John,Bergin
Carl Vincent Bini,Carl,Bini
Michael Curtis Fiore,Michael,Fiore
Andre G Fletcher,Andre,Fletcher
Douglas Charles Miller,Douglas,Miller
Jeffrey Matthew Palazzo,Jeffrey,Palazzo
Nicholas P Rossomando,Nicholas,Rossomando
Allan Tarasiewicz,Allan,Tarasiewicz
Robert J Crawford,Robert,Crawford
Raymond Matthew Downey,Raymond,Downey
Charles Kasper,Charles,Kasper
Patrick J Waters,Patrick,Waters
Timothy Higgins,Timothy,Higgins
Michael Thomas Russo,Michael,Russo
James M Amato,James,Amato
Edward A D’Atri,Edward,D’Atri
Michael Esposito,Michael,Esposito
Michael N. Fodor,Michael,Fodor
Brian Bilcher,Brian,Bilcher
Gary Box,Gary,Box
Thomas M. Butler,Thomas,Butler
Peter Carroll,Peter,Carroll
Robert Cordice,Robert,Cordice
David J Fontana,David,Fontana
Matthew David Garvey,Matthew,Garvey
Stephen Gerard Siller,Stephen,Siller
William E McGinn,William,McGinn
Eric Allen,Eric,Allen
Andrew Fredericks,Andrew,Fredericks
David Halderman,David,Halderman
Timothy Haskell,Timothy,Haskell
Manuel Mojica,Manuel,Mojica
Lawrence Virgilio,Lawrence,Virgilio
Michael K Healey,Michael,Healey
Thomas Patrick Cullen,Thomas,Cullen
Robert Hamilton,Robert,Hamilton
Michael J Lyons,Michael,Lyons
Gregory Sikorsky,Gregory,Sikorsky
R. Bruce Van Hine,R.,Hine
Tarel Coleman,Tarel,Coleman
Thomas Kuveikis,Thomas,Kuveikis
Peter J Langone,Peter,Langone
Patrick Lyons,Patrick,Lyons
Kevin Prior,Kevin,Prior
Ronald T Kerwin,Ronald,Kerwin
Ronnie E Gies,Ronnie,Gies
Joseph Hunter,Joseph,Hunter
Jonathan Lee Ielpi,Jonathan,Ielpi
Adam David Rand,Adam,Rand
Timothy Matthew Welty,Timothy,Welty
Carlos R Lillo,Carlos,Lillo
Ricardo J Quinn,Ricardo,Quinn
